ID,Exited
2001,1
2002,0
2003,0
2004,0
2005,0
2006,0
2007,0
2008,0
2009,0
2010,0
2011,0
2012,1
2013,0
2014,0
2015,0
2016,0
2017,0
2018,0
2019,1
2020,0
2021,1
2022,0
2023,0
2024,1
2025,0
2026,0
2027,1
2028,0
2029,0
2030,0
2031,1
2032,0
2033,0
2034,0
2035,0
2036,1
2037,0
2038,0
2039,1
2040,0
2041,0
2042,1
2043,1
2044,0
2045,0
2046,0
2047,0
2048,0
2049,0
2050,0
2051,0
2052,0
2053,0
2054,0
2055,0
2056,0
2057,0
2058,1
2059,0
2060,1
2061,1
2062,0
2063,0
2064,0
2065,0
2066,0
2067,0
2068,0
2069,0
2070,1
2071,0
2072,0
2073,0
2074,0
2075,1
2076,0
2077,0
2078,0
2079,0
2080,0
2081,1
2082,0
2083,1
2084,0
2085,0
2086,0
2087,0
2088,0
2089,0
2090,0
2091,0
2092,0
2093,0
2094,0
2095,0
2096,0
2097,0
2098,1
2099,0
2100,0
2101,0
2102,0
2103,0
2104,0
2105,0
2106,0
2107,1
2108,1
2109,0
2110,0
2111,1
2112,0
2113,0
2114,0
2115,0
2116,0
2117,0
2118,1
2119,0
2120,0
2121,0
2122,1
2123,1
2124,0
2125,0
2126,1
2127,0
2128,0
2129,0
2130,0
2131,0
2132,1
2133,0
2134,0
2135,0
2136,0
2137,0
2138,0
2139,1
2140,1
2141,1
2142,0
2143,0
2144,0
2145,0
2146,0
2147,0
2148,0
2149,1
2150,1
2151,0
2152,1
2153,0
2154,0
2155,0
2156,0
2157,0
2158,0
2159,0
2160,1
2161,1
2162,0
2163,0
2164,1
2165,0
2166,0
2167,0
2168,0
2169,1
2170,0
2171,0
2172,0
2173,1
2174,0
2175,0
2176,0
2177,0
2178,0
2179,1
2180,0
2181,0
2182,1
2183,0
2184,0
2185,1
2186,0
2187,0
2188,1
2189,0
2190,0
2191,0
2192,1
2193,0
2194,0
2195,0
2196,0
2197,0
2198,0
2199,0
2200,0
2201,0
2202,0
2203,1
2204,1
2205,0
2206,1
2207,0
2208,0
2209,1
2210,0
2211,1
2212,1
2213,1
2214,0
2215,1
2216,0
2217,0
2218,1
2219,1
2220,0
2221,0
2222,1
2223,1
2224,0
2225,1
2226,1
2227,0
2228,1
2229,1
2230,1
2231,0
2232,0
2233,0
2234,1
2235,0
2236,0
2237,0
2238,0
2239,1
2240,0
2241,0
2242,0
2243,1
2244,0
2245,0
2246,1
2247,1
2248,1
2249,1
2250,1
2251,0
2252,1
2253,1
2254,0
2255,1
2256,0
2257,0
2258,0
2259,1
2260,1
2261,0
2262,0
2263,1
2264,0
2265,0
2266,0
2267,0
2268,0
2269,0
2270,0
2271,0
2272,0
2273,0
2274,0
2275,0
2276,0
2277,1
2278,0
2279,0
2280,0
2281,0
2282,0
2283,0
2284,0
2285,0
2286,0
2287,0
2288,0
2289,1
2290,0
2291,1
2292,0
2293,0
2294,0
2295,1
2296,0
2297,0
2298,0
2299,0
2300,0
2301,1
2302,0
2303,0
2304,0
2305,0
2306,0
2307,1
2308,0
2309,0
2310,0
2311,0
2312,0
2313,0
2314,0
2315,0
2316,0
2317,0
2318,0
2319,0
2320,0
2321,0
2322,0
2323,0
2324,1
2325,0
2326,0
2327,0
2328,0
2329,0
2330,0
2331,0
2332,0
2333,0
2334,0
2335,1
2336,0
2337,0
2338,0
2339,0
2340,0
2341,0
2342,1
2343,0
2344,0
2345,1
2346,0
2347,1
2348,1
2349,0
2350,1
2351,0
2352,1
2353,0
2354,0
2355,0
2356,0
2357,0
2358,1
2359,1
2360,1
2361,0
2362,0
2363,0
2364,1
2365,0
2366,0
2367,0
2368,1
2369,0
2370,0
2371,0
2372,1
2373,1
2374,0
2375,0
2376,1
2377,1
2378,1
2379,0
2380,0
2381,0
2382,0
2383,0
2384,0
2385,0
2386,0
2387,0
2388,0
2389,1
2390,0
2391,0
2392,0
2393,1
2394,1
2395,1
2396,0
2397,1
2398,0
2399,1
2400,0
2401,0
2402,0
2403,0
2404,0
2405,0
2406,0
2407,0
2408,0
2409,0
2410,0
2411,0
2412,0
2413,0
2414,0
2415,0
2416,0
2417,0
2418,1
2419,0
2420,1
2421,0
2422,0
2423,0
2424,0
2425,0
2426,0
2427,0
2428,0
2429,0
2430,0
2431,0
2432,0
2433,0
2434,0
2435,0
2436,0
2437,0
2438,0
2439,0
2440,1
2441,0
2442,0
2443,0
2444,0
2445,0
2446,0
2447,0
2448,0
2449,0
2450,0
2451,0
2452,0
2453,1
2454,0
2455,0
2456,1
2457,0
2458,0
2459,1
2460,1
2461,0
2462,0
2463,0
2464,0
2465,0
2466,0
2467,0
2468,0
2469,1
2470,0
2471,0
2472,1
2473,0
2474,0
2475,0
2476,0
2477,0
2478,0
2479,0
2480,1
2481,1
2482,0
2483,1
2484,0
2485,0
2486,0
2487,1
2488,0
2489,0
2490,0
2491,0
2492,1
2493,1
2494,0
2495,0
2496,0
2497,0
2498,0
2499,0
2500,1
2501,1
2502,0
2503,0
2504,0
2505,0
2506,0
2507,0
2508,0
2509,1
2510,0
2511,0
2512,0
2513,0
2514,0
2515,0
2516,0
2517,1
2518,1
2519,1
2520,0
2521,0
2522,0
2523,0
2524,0
2525,0
2526,0
2527,0
2528,0
2529,0
2530,0
2531,1
2532,0
2533,0
2534,0
2535,0
2536,1
2537,0
2538,0
2539,0
2540,1
2541,0
2542,0
2543,1
2544,0
2545,0
2546,0
2547,0
2548,0
2549,0
2550,0
2551,0
2552,0
2553,0
2554,0
2555,0
2556,0
2557,1
2558,0
2559,0
2560,0
2561,0
2562,0
2563,0
2564,0
2565,0
2566,0
2567,1
2568,1
2569,0
2570,0
2571,0
2572,0
2573,0
2574,0
2575,0
2576,1
2577,1
2578,0
2579,0
2580,0
2581,0
2582,1
2583,0
2584,0
2585,1
2586,0
2587,0
2588,1
2589,0
2590,0
2591,0
2592,0
2593,0
2594,1
2595,1
2596,0
2597,1
2598,0
2599,0
2600,1
2601,0
2602,0
2603,0
2604,0
2605,0
2606,0
2607,1
2608,0
2609,1
2610,0
2611,0
2612,0
2613,0
2614,0
2615,0
2616,0
2617,0
2618,0
2619,0
2620,0
2621,0
2622,0
2623,0
2624,0
2625,1
2626,0
2627,0
2628,0
2629,1
2630,0
2631,0
2632,0
2633,0
2634,0
2635,1
2636,0
2637,0
2638,0
2639,1
2640,1
2641,0
2642,1
2643,0
2644,0
2645,0
2646,0
2647,0
2648,1
2649,0
2650,0
2651,0
2652,0
2653,0
2654,1
2655,0
2656,0
2657,0
2658,1
2659,0
2660,0
2661,0
2662,0
2663,0
2664,1
2665,0
2666,0
2667,0
2668,0
2669,0
2670,0
2671,1
2672,0
2673,0
2674,0
2675,0
2676,1
2677,0
2678,1
2679,0
2680,1
2681,0
2682,0
2683,0
2684,0
2685,0
2686,0
2687,0
2688,1
2689,0
2690,1
2691,0
2692,0
2693,0
2694,0
2695,1
2696,0
2697,1
2698,0
2699,0
2700,0
2701,1
2702,0
2703,0
2704,1
2705,0
2706,0
2707,0
2708,0
2709,0
2710,0
2711,0
2712,1
2713,0
2714,0
2715,1
2716,0
2717,0
2718,0
2719,0
2720,1
2721,0
2722,0
2723,1
2724,0
2725,0
2726,0
2727,1
2728,1
2729,0
2730,1
2731,0
2732,0
2733,0
2734,0
2735,0
2736,0
2737,1
2738,0
2739,0
2740,0
2741,0
2742,1
2743,1
2744,0
2745,0
2746,1
2747,1
2748,0
2749,0
2750,0
2751,1
2752,1
2753,0
2754,0
2755,0
2756,0
2757,0
2758,0
2759,1
2760,0
2761,0
2762,1
2763,0
2764,1
2765,0
2766,1
2767,0
2768,0
2769,0
2770,0
2771,0
2772,0
2773,0
2774,1
2775,1
2776,0
2777,0
2778,0
2779,0
2780,1
2781,0
2782,0
2783,0
2784,0
2785,0
2786,0
2787,0
2788,0
2789,1
2790,0
2791,0
2792,0
2793,1
2794,0
2795,1
2796,1
2797,1
2798,0
2799,0
2800,1
2801,0
2802,0
2803,1
2804,0
2805,0
2806,0
2807,0
2808,0
2809,1
2810,0
2811,0
2812,1
2813,0
2814,0
2815,0
2816,0
2817,1
2818,0
2819,1
2820,0
2821,0
2822,0
2823,1
2824,0
2825,0
2826,0
2827,0
2828,0
2829,0
2830,0
2831,1
2832,0
2833,0
2834,0
2835,0
2836,0
2837,0
2838,0
2839,0
2840,0
2841,0
2842,0
2843,0
2844,0
2845,0
2846,0
2847,0
2848,0
2849,0
2850,0
2851,1
2852,0
2853,0
2854,0
2855,0
2856,1
2857,0
2858,1
2859,1
2860,0
2861,0
2862,0
2863,1
2864,0
2865,0
2866,0
2867,0
2868,0
2869,0
2870,0
2871,0
2872,0
2873,0
2874,0
2875,0
2876,0
2877,0
2878,0
2879,0
2880,1
2881,1
2882,1
2883,0
2884,0
2885,0
2886,0
2887,0
2888,0
2889,0
2890,0
2891,0
2892,0
2893,1
2894,0
2895,0
2896,1
2897,0
2898,1
2899,1
2900,0
2901,0
2902,1
2903,0
2904,1
2905,0
2906,1
2907,0
2908,1
2909,0
2910,0
2911,0
2912,0
2913,0
2914,1
2915,0
2916,0
2917,0
2918,1
2919,0
2920,0
2921,0
2922,1
2923,0
2924,0
2925,0
2926,1
2927,1
2928,1
2929,1
2930,0
2931,0
2932,1
2933,0
2934,1
2935,0
2936,0
2937,0
2938,0
2939,0
2940,1
2941,1
2942,0
2943,1
2944,1
2945,0
2946,0
2947,0
2948,1
2949,0
2950,0
2951,0
2952,0
2953,0
2954,0
2955,0
2956,0
2957,0
2958,0
2959,1
2960,0
2961,0
2962,0
2963,0
2964,0
2965,0
2966,0
2967,0
2968,0
2969,0
2970,0
2971,0
2972,0
2973,0
2974,0
2975,0
2976,1
2977,1
2978,0
2979,0
2980,1
2981,1
2982,1
2983,0
2984,0
2985,1
2986,0
2987,0
2988,1
2989,0
2990,1
2991,0
2992,0
2993,0
2994,0
2995,0
2996,0
2997,0
2998,0
2999,0
3000,0
3001,0
3002,1
3003,0
3004,0
3005,0
3006,0
3007,0
3008,0
3009,0
3010,1
3011,0
3012,0
3013,1
3014,0
3015,0
3016,0
3017,0
3018,0
3019,1
3020,0
3021,1
3022,1
3023,1
3024,0
3025,0
3026,1
3027,0
3028,0
3029,0
3030,0
3031,0
3032,0
3033,0
3034,0
3035,0
3036,0
3037,0
3038,1
3039,1
3040,1
3041,1
3042,0
3043,1
3044,1
3045,0
3046,1
3047,0
3048,0
3049,0
3050,0
3051,0
3052,0
3053,0
3054,0
3055,0
3056,0
3057,1
3058,0
3059,1
3060,0
3061,1
3062,0
3063,0
3064,0
3065,1
3066,0
3067,0
3068,0
3069,0
3070,0
3071,1
3072,1
3073,1
3074,1
3075,1
3076,0
3077,0
3078,0
3079,0
3080,0
3081,0
3082,0
3083,0
3084,0
3085,0
3086,0
3087,1
3088,1
3089,0
3090,0
3091,0
3092,0
3093,0
3094,1
3095,1
3096,0
3097,0
3098,0
3099,0
3100,0
3101,0
3102,1
3103,0
3104,1
3105,0
3106,0
3107,0
3108,1
3109,0
3110,0
3111,1
3112,0
3113,0
3114,0
3115,0
3116,1
3117,0
3118,0
3119,0
3120,0
3121,0
3122,0
3123,0
3124,0
3125,0
3126,0
3127,0
3128,0
3129,1
3130,0
3131,0
3132,0
3133,1
3134,0
3135,0
3136,0
3137,0
3138,1
3139,1
3140,1
3141,0
3142,0
3143,0
3144,1
3145,0
3146,0
3147,0
3148,0
3149,1
3150,0
3151,1
3152,0
3153,0
3154,0
3155,0
3156,1
3157,0
3158,0
3159,1
3160,0
3161,0
3162,0
3163,0
3164,1
3165,1
3166,0
3167,0
3168,0
3169,0
3170,0
3171,0
3172,0
3173,0
3174,1
3175,0
3176,0
3177,0
3178,0
3179,0
3180,0
3181,0
3182,0
3183,0
3184,0
3185,0
3186,1
3187,0
3188,1
3189,0
3190,0
3191,0
3192,0
3193,0
3194,0
3195,0
3196,0
3197,0
3198,0
3199,0
3200,0
3201,0
3202,0
3203,0
3204,0
3205,0
3206,0
3207,0
3208,0
3209,1
3210,0
3211,1
3212,0
3213,0
3214,0
3215,0
3216,0
3217,1
3218,1
3219,0
3220,1
3221,0
3222,0
3223,0
3224,0
3225,0
3226,0
3227,0
3228,0
3229,0
3230,0
3231,0
3232,1
3233,0
3234,1
3235,0
3236,0
3237,0
3238,0
3239,1
3240,1
3241,0
3242,0
3243,0
3244,0
3245,0
3246,0
3247,0
3248,1
3249,0
3250,0
3251,0
3252,0
3253,0
3254,0
3255,1
3256,1
3257,0
3258,1
3259,0
3260,0
3261,0
3262,1
3263,0
3264,0
3265,1
3266,1
3267,0
3268,1
3269,0
3270,0
3271,0
3272,0
3273,0
3274,0
3275,0
3276,0
3277,0
3278,1
3279,0
3280,0
3281,1
3282,1
3283,0
3284,0
3285,1
3286,0
3287,0
3288,0
3289,1
3290,0
3291,0
3292,0
3293,0
3294,0
3295,0
3296,0
3297,0
3298,0
3299,1
3300,0
3301,0
3302,0
3303,1
3304,0
3305,0
3306,0
3307,0
3308,0
3309,1
3310,0
3311,0
3312,0
3313,0
3314,0
3315,0
3316,0
3317,1
3318,0
3319,0
3320,1
3321,0
3322,0
3323,1
3324,0
3325,0
3326,0
3327,0
3328,1
3329,0
3330,1
3331,1
3332,0
3333,0
3334,0
3335,0
3336,0
3337,1
3338,0
3339,1
3340,0
3341,0
3342,0
3343,0
3344,0
3345,1
3346,0
3347,1
3348,0
3349,0
3350,0
3351,0
3352,0
3353,0
3354,1
3355,0
3356,0
3357,0
3358,0
3359,1
3360,0
3361,0
3362,0
3363,1
3364,0
3365,1
3366,0
3367,0
3368,0
3369,0
3370,0
3371,1
3372,0
3373,0
3374,0
3375,0
3376,0
3377,1
3378,1
3379,0
3380,0
3381,0
3382,0
3383,0
3384,0
3385,1
3386,0
3387,0
3388,1
3389,0
3390,0
3391,0
3392,1
3393,0
3394,0
3395,0
3396,0
3397,0
3398,1
3399,0
3400,0
3401,0
3402,0
3403,0
3404,0
3405,0
3406,1
3407,0
3408,0
3409,0
3410,0
3411,0
3412,0
3413,1
3414,0
3415,0
3416,0
3417,1
3418,0
3419,0
3420,0
3421,0
3422,0
3423,1
3424,0
3425,0
3426,0
3427,0
3428,0
3429,0
3430,0
3431,0
3432,1
3433,0
3434,0
3435,0
3436,0
3437,0
3438,0
3439,0
3440,0
3441,0
3442,0
3443,0
3444,0
3445,0
3446,0
3447,0
3448,1
3449,0
3450,0
3451,0
3452,0
3453,1
3454,0
3455,0
3456,0
3457,0
3458,0
3459,0
3460,0
3461,0
3462,0
3463,0
3464,0
3465,0
3466,0
3467,1
3468,0
3469,0
3470,1
3471,0
3472,0
3473,0
3474,0
3475,0
3476,0
3477,1
3478,0
3479,0
3480,1
3481,1
3482,0
3483,1
3484,0
3485,0
3486,0
3487,0
3488,0
3489,0
3490,1
3491,0
3492,0
3493,0
3494,0
3495,0
3496,0
3497,0
3498,0
3499,0
3500,1
3501,0
3502,0
3503,0
3504,0
3505,0
3506,1
3507,0
3508,0
3509,1
3510,0
3511,0
3512,0
3513,0
3514,0
3515,0
3516,0
3517,1
3518,0
3519,0
3520,0
3521,0
3522,1
3523,0
3524,0
3525,0
3526,1
3527,0
3528,0
3529,0
3530,1
3531,1
3532,0
3533,0
3534,1
3535,0
3536,0
3537,1
3538,1
3539,0
3540,0
3541,0
3542,0
3543,1
3544,1
3545,0
3546,1
3547,0
3548,0
3549,0
3550,0
3551,1
3552,0
3553,1
3554,0
3555,0
3556,0
3557,1
3558,0
3559,0
3560,0
3561,0
3562,0
3563,1
3564,1
3565,0
3566,0
3567,0
3568,0
3569,0
3570,1
3571,0
3572,0
3573,0
3574,0
3575,0
3576,0
3577,0
3578,0
3579,0
3580,0
3581,0
3582,0
3583,0
3584,1
3585,1
3586,0
3587,0
3588,1
3589,0
3590,0
3591,0
3592,0
3593,1
3594,0
3595,0
3596,0
3597,0
3598,0
3599,0
3600,0
3601,0
3602,1
3603,1
3604,0
3605,1
3606,0
3607,0
3608,0
3609,0
3610,1
3611,0
3612,0
3613,1
3614,0
3615,1
3616,0
3617,0
3618,0
3619,0
3620,0
3621,0
3622,1
3623,1
3624,0
3625,1
3626,0
3627,0
3628,1
3629,0
3630,0
3631,0
3632,0
3633,0
3634,0
3635,0
3636,0
3637,1
3638,0
3639,0
3640,0
3641,1
3642,0
3643,0
3644,0
3645,0
3646,1
3647,0
3648,0
3649,0
3650,0
3651,1
3652,0
3653,0
3654,0
3655,0
3656,1
3657,0
3658,0
3659,0
3660,0
3661,1
3662,0
3663,0
3664,1
3665,0
3666,0
3667,0
3668,0
3669,0
3670,0
3671,0
3672,0
3673,1
3674,1
3675,0
3676,0
3677,0
3678,0
3679,0
3680,0
3681,1
3682,1
3683,0
3684,0
3685,0
3686,0
3687,0
3688,1
3689,1
3690,0
3691,1
3692,0
3693,0
3694,0
3695,0
3696,1
3697,1
3698,0
3699,0
3700,0
3701,0
3702,0
3703,0
3704,0
3705,0
3706,1
3707,0
3708,1
3709,1
3710,1
3711,0
3712,0
3713,1
3714,0
3715,0
3716,0
3717,0
3718,0
3719,0
3720,0
3721,0
3722,0
3723,0
3724,0
3725,0
3726,0
3727,0
3728,0
3729,0
3730,1
3731,0
3732,0
3733,0
3734,0
3735,0
3736,0
3737,0
3738,0
3739,0
3740,0
3741,0
3742,1
3743,1
3744,0
3745,1
3746,0
3747,1
3748,0
3749,1
3750,0
3751,0
3752,0
3753,0
3754,1
3755,0
3756,0
3757,0
3758,0
3759,0
3760,0
3761,0
3762,0
3763,0
3764,0
3765,1
3766,0
3767,0
3768,1
3769,0
3770,0
3771,0
3772,0
3773,0
3774,0
3775,0
3776,0
3777,0
3778,1
3779,0
3780,0
3781,0
3782,1
3783,0
3784,0
3785,0
3786,0
3787,0
3788,0
3789,0
3790,0
3791,0
3792,0
3793,0
3794,0
3795,0
3796,0
3797,1
3798,0
3799,0
3800,0
3801,0
3802,1
3803,0
3804,0
3805,0
3806,1
3807,0
3808,0
3809,0
3810,0
3811,1
3812,0
3813,0
3814,0
3815,0
3816,0
3817,0
3818,0
3819,1
3820,0
3821,0
3822,0
3823,0
3824,0
3825,0
3826,0
3827,0
3828,0
3829,0
3830,0
3831,0
3832,0
3833,0
3834,0
3835,0
3836,0
3837,0
3838,0
3839,0
3840,0
3841,0
3842,0
3843,1
3844,0
3845,0
3846,1
3847,1
3848,0
3849,0
3850,0
3851,1
3852,0
3853,0
3854,0
3855,0
3856,0
3857,0
3858,0
3859,1
3860,0
3861,0
3862,1
3863,0
3864,0
3865,0
3866,0
3867,0
3868,0
3869,0
3870,1
3871,0
3872,1
3873,0
3874,0
3875,0
3876,0
3877,0
3878,0
3879,0
3880,0
3881,1
3882,0
3883,0
3884,0
3885,0
3886,0
3887,0
3888,0
3889,0
3890,1
3891,0
3892,0
3893,0
3894,0
3895,0
3896,0
3897,0
3898,0
3899,0
3900,0
3901,0
3902,0
3903,0
3904,0
3905,0
3906,0
3907,1
3908,1
3909,0
3910,0
3911,1
3912,0
3913,0
3914,0
3915,0
3916,0
3917,0
3918,0
3919,0
3920,0
3921,1
3922,0
3923,0
3924,0
3925,0
3926,0
3927,1
3928,0
3929,0
3930,0
3931,1
3932,0
3933,0
3934,0
3935,1
3936,1
3937,0
3938,0
3939,0
3940,0
3941,0
3942,0
3943,0
3944,0
3945,0
3946,0
3947,0
3948,1
3949,0
3950,0
3951,0
3952,0
3953,0
3954,1
3955,1
3956,1
3957,0
3958,0
3959,0
3960,1
3961,0
3962,0
3963,0
3964,0
3965,0
3966,0
3967,0
3968,0
3969,0
3970,0
3971,0
3972,0
3973,0
3974,0
3975,0
3976,0
3977,0
3978,0
3979,0
3980,0
3981,0
3982,0
3983,1
3984,0
3985,0
3986,0
3987,1
3988,0
3989,1
3990,0
3991,0
3992,1
3993,0
3994,1
3995,0
3996,1
3997,0
3998,0
3999,0
4000,0
